{"cameraMode":{"drawMode":0,"name":"Shaded","section":"Shading Mode"},"sceneLighting":false,"audioPlay":false,"sceneViewState":{"showFog":true,"showMaterialUpdate":false,"showSkybox":false,"showFlares":true,"showImageEffects":true,"showParticleSystems":true},"in2DMode":false,"pivot":{"x":0.022895336151123048,"y":0.7143459916114807,"z":-0.09798121452331543},"rotation":{"x":0.03272923082113266,"y":0.5316173434257507,"z":0.02061687782406807,"w":-0.8461198806762695},"size":1.2029693126678467,"orthographic":false}