{"cameraMode":{"drawMode":0,"name":"Shaded","section":"Shading Mode"},"sceneLighting":true,"audioPlay":false,"sceneViewState":{"showFog":true,"showMaterialUpdate":false,"showSkybox":true,"showFlares":true,"showImageEffects":true,"showParticleSystems":true},"in2DMode":false,"pivot":{"x":497.29327392578127,"y":10.593326568603516,"z":529.3057861328125},"rotation":{"x":-0.04079326614737511,"y":0.01645749807357788,"z":-0.0006288737640716136,"w":-0.9990496039390564},"size":16.556516647338868,"orthographic":false}